{
  "n_tasks": 40,
  "samples_per_task": 5,
  "pass@1": 0.845,
  "pass@5": 0.925,
  "reliability(pass^k)": 0.75,
  "format_ok_rate": 0.95,
  "candidate_rate": 0.9550000000000001,
  "by_level": {
    "easy": {
      "n": 13,
      "pass@1": 0.9538461538461539,
      "pass@5": 1.0
    },
    "hard": {
      "n": 13,
      "pass@1": 0.676923076923077,
      "pass@5": 0.8461538461538461
    },
    "medium": {
      "n": 14,
      "pass@1": 0.9,
      "pass@5": 0.9285714285714286
    }
  }
}