{
  "n_tasks": 40,
  "samples_per_task": 5,
  "pass@1": 0.755,
  "pass@5": 0.9,
  "reliability(pass^k)": 0.575,
  "format_ok_rate": 0.835,
  "candidate_rate": 0.845,
  "by_level": {
    "easy": {
      "n": 13,
      "pass@1": 0.8461538461538461,
      "pass@5": 1.0
    },
    "hard": {
      "n": 13,
      "pass@1": 0.6461538461538462,
      "pass@5": 0.7692307692307693
    },
    "medium": {
      "n": 14,
      "pass@1": 0.7714285714285715,
      "pass@5": 0.9285714285714286
    }
  }
}