{
  "n_tasks": 40,
  "samples_per_task": 5,
  "pass@1": 0.645,
  "pass@5": 0.85,
  "reliability(pass^k)": 0.4,
  "format_ok_rate": 0.705,
  "candidate_rate": 0.7150000000000001,
  "by_level": {
    "easy": {
      "n": 13,
      "pass@1": 0.7384615384615384,
      "pass@5": 0.9230769230769231
    },
    "hard": {
      "n": 13,
      "pass@1": 0.5692307692307692,
      "pass@5": 0.6923076923076923
    },
    "medium": {
      "n": 14,
      "pass@1": 0.6285714285714287,
      "pass@5": 0.9285714285714286
    }
  }
}